{
    "VAEwolabel": {
        "ssim": 0.7759232109118015,
        "mse": 0.020003570447786955,
        "score": 9.254318979109467
    },
    "Genwithlabel": {
        "ssim": 0.8734425834240223,
        "mse": 0.011500689891642926,
        "fid": 2.625118741293815,
        "score": 29.441713518338904
    }
}